Juice,Nachos,Tortilla,Cheese,Eggs,Banana,Milk,Bread,Butter
Juice,,Tortilla,Cheese,Eggs,,Milk,,Butter
,,Tortilla,Cheese ,Eggs,,,Bread,Butter
,Nachos,,,,Banana,Milk,Bread,
Juice,Nachos,Tortilla ,Cheese ,Eggs,Banana,Milk,Bread,Butter
Juice,Nachos,,,,,,Bread,
Juice,Nachos,Tortilla ,Cheese,,Banana,Milk,,Butter
Juice,Nachos,,,Eggs,,Milk,Bread,Butter
Juice,,Tortilla,,,Banana,,,
Juice,,Tortilla,Cheese ,Eggs,,Milk,Bread,Butter
,Nachos,Tortilla,Cheese,,Banana,,,Butter
Juice,,,Cheese,Eggs,Banana,Milk,Bread,
Juice,Nachos,Tortilla,Cheese,Eggs,,Milk,Bread,Butter
Juice,,Tortilla,,Eggs,Banana,Milk,Bread,Butter
Juice,,Tortilla,Cheese,Eggs,Banana,Milk,,Butter
Juice,Nachos,Tortilla,Cheese,Eggs,Banana,,Bread,
,Nachos,Tortilla,Cheese,Eggs,Banana,,Bread,Butter
,Nachos,,Cheese,Eggs,Banana,Milk,,Butter
Juice,Nachos ,Tortilla ,Cheese,Eggs,Banana,,Bread,
Juice,,Tortilla,Cheese ,Eggs,Banana,Milk,Bread,
Juice,Nachos,Tortilla,,Eggs,Banana,Milk,,Butter
,Nachos,,,,,,,
Juice,Nachos,Tortilla,Cheese,Eggs,Banana,Milk,Bread,Butter
Juice,,Tortilla,Cheese,Eggs,,Milk,,Butter
,,Tortilla,Cheese ,Eggs,,,Bread,Butter
,Nachos,,,,Banana,Milk,Bread,
Juice,Nachos,Tortilla ,Cheese ,Eggs,Banana,Milk,Bread,Butter
Juice,Nachos,,,,,,Bread,
Juice,Nachos,Tortilla ,Cheese,,Banana,Milk,,Butter
Juice,Nachos,,,Eggs,,Milk,Bread,Butter
Juice,,Tortilla,,,Banana,,,
Juice,,Tortilla,Cheese ,Eggs,,Milk,Bread,Butter
,Nachos,Tortilla,Cheese,,Banana,,,Butter
Juice,,,Cheese,Eggs,Banana,Milk,Bread,
Juice,Nachos,Tortilla,Cheese,Eggs,,Milk,Bread,Butter
Juice,,Tortilla,,Eggs,Banana,Milk,Bread,Butter
Juice,,Tortilla,Cheese,Eggs,Banana,Milk,,Butter
Juice,Nachos,Tortilla,Cheese,Eggs,Banana,,Bread,
,Nachos,Tortilla,Cheese,Eggs,Banana,,Bread,Butter
,Nachos,,Cheese,Eggs,Banana,Milk,,Butter
Juice,Nachos ,Tortilla ,Cheese,Eggs,Banana,,Bread,
Juice,,Tortilla,Cheese ,Eggs,Banana,Milk,Bread,
Juice,Nachos,Tortilla,,Eggs,Banana,Milk,,Butter
,Nachos,,,,,,,
Juice,Nachos,Tortilla,Cheese,Eggs,Banana,Milk,Bread,Butter
Juice,,Tortilla,Cheese,Eggs,,Milk,,Butter
,,Tortilla,Cheese ,Eggs,,,Bread,Butter
,Nachos,,,,Banana,Milk,Bread,
Juice,Nachos,Tortilla ,Cheese ,Eggs,Banana,Milk,Bread,Butter
Juice,Nachos,,,,,,Bread,
Juice,Nachos,Tortilla ,Cheese,,Banana,Milk,,Butter
Juice,Nachos,,,Eggs,,Milk,Bread,Butter
Juice,,Tortilla,,,Banana,,,
Juice,,Tortilla,Cheese ,Eggs,,Milk,Bread,Butter
,Nachos,Tortilla,Cheese,,Banana,,,Butter
Juice,,,Cheese,Eggs,Banana,Milk,Bread,
Juice,Nachos,Tortilla,Cheese,Eggs,,Milk,Bread,Butter
Juice,,Tortilla,,Eggs,Banana,Milk,Bread,Butter
Juice,,Tortilla,Cheese,Eggs,Banana,Milk,,Butter
Juice,Nachos,Tortilla,Cheese,Eggs,Banana,,Bread,
,Nachos,Tortilla,Cheese,Eggs,Banana,,Bread,Butter
,Nachos,,Cheese,Eggs,Banana,Milk,,Butter
Juice,Nachos ,Tortilla ,Cheese,Eggs,Banana,,Bread,
Juice,,Tortilla,Cheese ,Eggs,Banana,Milk,Bread,
Juice,Nachos,Tortilla,,Eggs,Banana,Milk,,Butter
,Nachos,,,,,,,
